real_name,column_height,diffusion_coef,ellipse_major_axis,tgsd_mean,total_erupted_mass,wind_direction,wind_speed
5,10208.9,1849.15,19547.0,1.03085,386845000000.0,184.739,7.05475
12,24672.6,2013.82,15740.1,-0.13158499999999998,233409000000.0,190.03799999999998,5.30924
