name,prior_mean,prior_stdev,prior_lower_bound,prior_upper_bound,post_mean,post_stdev,post_lower_bound,post_upper_bound
COLUMN_HEIGHT,4.32222,0.0554622,4.21129,4.43314,4.32222,0.0554622,4.21129,4.43314
DIFFUSION_COEF,3.69897,0.25,3.19897,4.19897,3.69897,0.25,3.19897,4.19897
ELLIPSE_MAJOR_AXIS,4.0607,0.099485,3.86173,4.25967,4.0607,0.099485,3.86173,4.25967
ELLIPSE_MINOR_AXIS,4.0607,0.099485,3.86173,4.25967,4.0607,0.099485,3.86173,4.25967
TGSD_MEAN,-1.99,2.5,-6.99,3.01,-1.99,2.5,-6.99,3.01
TOTAL_ERUPTED_MASS,10.9138,0.75,9.41381,12.4138,10.9138,0.75,9.41381,12.4138
WIND_DIRECTION,2.33646,0.0101072,2.31625,2.35667,2.33646,0.0101072,2.31625,2.35667
WIND_SPEED,0.69897,0.225772,0.247425,1.15051,0.69897,0.225772,0.247425,1.15051
